{
  "test_auc": {
    "Electron": 0.989661204888889,
    "Ghost": 0.9641648577777777,
    "Kaon": 0.9303279097777777,
    "Muon": 0.992721602,
    "Pion": 0.9596316292222222,
    "Proton": 0.9281843634444444
  }
}